K,strategy,lr,gamma,epochs,acc,acc_std
Kpct_0.1,random,0.001,0,200,0.4953333333333333,0.02545060575572483
Kpct_0.1,uncertain,0.001,0,200,0.303,0.0
Kpct_0.1,uniform,0.001,0,200,0.3953333333333333,0.0
Kpct_0.1,random,0.001,0,400,0.4953777777777778,0.024722069912140068
Kpct_0.1,uncertain,0.001,0,400,0.30666666666666664,0.0
Kpct_0.1,uniform,0.001,0,400,0.398,0.0
Kpct_0.1,random,0.001,0,800,0.4962000000000001,0.023727350473532156
Kpct_0.1,uncertain,0.001,0,800,0.3075555555555556,0.0
Kpct_0.1,uniform,0.001,0,800,0.3983333333333333,0.0
Kpct_0.1,random,0.001,5,200,0.45667777777777774,0.03287219734098546
Kpct_0.1,uncertain,0.001,5,200,0.3032222222222222,0.0
Kpct_0.1,uniform,0.001,5,200,0.4033333333333333,0.0
Kpct_0.1,random,0.001,5,400,0.4498888888888889,0.033258174526565744
Kpct_0.1,uncertain,0.001,5,400,0.30544444444444446,0.0
Kpct_0.1,uniform,0.001,5,400,0.3952222222222222,0.0
Kpct_0.1,random,0.001,5,800,0.4429777777777778,0.03457694229210565
Kpct_0.1,uncertain,0.001,5,800,0.3035555555555556,0.0
Kpct_0.1,uniform,0.001,5,800,0.38911111111111113,0.0
Kpct_0.1,random,0.001,10,200,0.4547999999999999,0.03330197784509295
Kpct_0.1,uncertain,0.001,10,200,0.30544444444444446,0.0
Kpct_0.1,uniform,0.001,10,200,0.4011111111111111,0.0
Kpct_0.1,random,0.001,10,400,0.44466666666666665,0.03413021542472698
Kpct_0.1,uncertain,0.001,10,400,0.3028888888888889,0.0
Kpct_0.1,uniform,0.001,10,400,0.3873333333333333,0.0
Kpct_0.1,random,0.001,10,800,0.4382,0.03535173524998716
Kpct_0.1,uncertain,0.001,10,800,0.301,0.0
Kpct_0.1,uniform,0.001,10,800,0.3851111111111111,0.0
Kpct_0.1,random,0.0001,0,200,0.4881444444444444,0.027524940430072014
Kpct_0.1,uncertain,0.0001,0,200,0.2991111111111111,0.0
Kpct_0.1,uniform,0.0001,0,200,0.39111111111111113,0.0
Kpct_0.1,random,0.0001,0,400,0.4916555555555556,0.025939266673434627
Kpct_0.1,uncertain,0.0001,0,400,0.3035555555555556,0.0
Kpct_0.1,uniform,0.0001,0,400,0.39244444444444443,0.0
Kpct_0.1,random,0.0001,0,800,0.4940444444444445,0.024452685479523378
Kpct_0.1,uncertain,0.0001,0,800,0.3085555555555556,0.0
Kpct_0.1,uniform,0.0001,0,800,0.3948888888888889,0.0
Kpct_0.1,random,0.0001,5,200,0.5175555555555557,0.02597900386803366
Kpct_0.1,uncertain,0.0001,5,200,0.36444444444444446,0.0
Kpct_0.1,uniform,0.0001,5,200,0.49444444444444446,0.0
Kpct_0.1,random,0.0001,5,400,0.4938666666666666,0.02911474956058026
Kpct_0.1,uncertain,0.0001,5,400,0.35988888888888887,0.0
Kpct_0.1,uniform,0.0001,5,400,0.45955555555555555,0.0
Kpct_0.1,random,0.0001,5,800,0.47248888888888896,0.03153329418210709
Kpct_0.1,uncertain,0.0001,5,800,0.35255555555555557,0.0
Kpct_0.1,uniform,0.0001,5,800,0.43233333333333335,0.0
Kpct_0.1,random,0.0001,10,200,0.5103666666666667,0.02744768536869303
Kpct_0.1,uncertain,0.0001,10,200,0.3448888888888889,0.0
Kpct_0.1,uniform,0.0001,10,200,0.4876666666666667,0.0
Kpct_0.1,random,0.0001,10,400,0.48329999999999995,0.029685638960511303
Kpct_0.1,uncertain,0.0001,10,400,0.3392222222222222,0.0
Kpct_0.1,uniform,0.0001,10,400,0.4444444444444444,0.0
Kpct_0.1,random,0.0001,10,800,0.46401111111111104,0.03057156954095637
Kpct_0.1,uncertain,0.0001,10,800,0.32911111111111113,0.0
Kpct_0.1,uniform,0.0001,10,800,0.4216666666666667,0.0
Kpct_0.1,random,1e-05,0,200,0.3976111111111111,0.049912274894911214
Kpct_0.1,uncertain,1e-05,0,200,0.2228888888888889,0.0
Kpct_0.1,uniform,1e-05,0,200,0.3317777777777778,0.0
Kpct_0.1,random,1e-05,0,400,0.45262222222222215,0.0412162978671853
Kpct_0.1,uncertain,1e-05,0,400,0.25733333333333336,0.0
Kpct_0.1,uniform,1e-05,0,400,0.36277777777777775,0.0
Kpct_0.1,random,1e-05,0,800,0.4801333333333333,0.03138348232690189
Kpct_0.1,uncertain,1e-05,0,800,0.2901111111111111,0.0
Kpct_0.1,uniform,1e-05,0,800,0.3847777777777778,0.0
Kpct_0.1,random,1e-05,5,200,0.47108888888888883,0.020063897926375134
Kpct_0.1,uncertain,1e-05,5,200,0.32911111111111113,0.0
Kpct_0.1,uniform,1e-05,5,200,0.44533333333333336,0.0
Kpct_0.1,random,1e-05,5,400,0.5214222222222222,0.02033459619636289
Kpct_0.1,uncertain,1e-05,5,400,0.35144444444444445,0.0
Kpct_0.1,uniform,1e-05,5,400,0.49733333333333335,0.0
Kpct_0.1,random,1e-05,5,800,0.5354333333333334,0.021772303733793155
Kpct_0.1,uncertain,1e-05,5,800,0.36344444444444446,0.0
Kpct_0.1,uniform,1e-05,5,800,0.5148888888888888,0.0
Kpct_0.1,random,1e-05,10,200,0.4625666666666667,0.01832171012019334
Kpct_0.1,uncertain,1e-05,10,200,0.31477777777777777,0.0
Kpct_0.1,uniform,1e-05,10,200,0.44266666666666665,0.0
Kpct_0.1,random,1e-05,10,400,0.5192111111111111,0.020341859171862858
Kpct_0.1,uncertain,1e-05,10,400,0.3486666666666667,0.0
Kpct_0.1,uniform,1e-05,10,400,0.5058888888888889,0.0
Kpct_0.1,random,1e-05,10,800,0.5337333333333334,0.021567877348810514
Kpct_0.1,uncertain,1e-05,10,800,0.36144444444444446,0.0
Kpct_0.1,uniform,1e-05,10,800,0.5195555555555555,0.0
Kpct_1,random,0.001,0,200,0.7347888888888888,0.006489583296177402
Kpct_1,uncertain,0.001,0,200,0.6226666666666667,0.0
Kpct_1,uniform,0.001,0,200,0.7306666666666667,0.0
Kpct_1,random,0.001,0,400,0.7339111111111111,0.006839211563829192
Kpct_1,uncertain,0.001,0,400,0.6234444444444445,0.0
Kpct_1,uniform,0.001,0,400,0.7295555555555555,0.0
Kpct_1,random,0.001,0,800,0.7330444444444444,0.007275563700531654
Kpct_1,uncertain,0.001,0,800,0.6242222222222222,0.0
Kpct_1,uniform,0.001,0,800,0.7288888888888889,0.0
Kpct_1,random,0.001,5,200,0.7361,0.008053593630819115
Kpct_1,uncertain,0.001,5,200,0.628,0.0
Kpct_1,uniform,0.001,5,200,0.7116666666666667,0.0
Kpct_1,random,0.001,5,400,0.7287555555555556,0.0107925214161714
Kpct_1,uncertain,0.001,5,400,0.6226666666666667,0.0
Kpct_1,uniform,0.001,5,400,0.6898888888888889,0.0
Kpct_1,random,0.001,5,800,0.7202444444444444,0.013979420500538069
Kpct_1,uncertain,0.001,5,800,0.6152222222222222,0.0
Kpct_1,uniform,0.001,5,800,0.6657777777777778,0.0
Kpct_1,random,0.001,10,200,0.7339222222222223,0.008755393399513626
Kpct_1,uncertain,0.001,10,200,0.6198888888888889,0.0
Kpct_1,uniform,0.001,10,200,0.7128888888888889,0.0
Kpct_1,random,0.001,10,400,0.7236,0.011985093622321112
Kpct_1,uncertain,0.001,10,400,0.621,0.0
Kpct_1,uniform,0.001,10,400,0.6866666666666666,0.0
Kpct_1,random,0.001,10,800,0.7103555555555556,0.015244412050500094
Kpct_1,uncertain,0.001,10,800,0.6113333333333333,0.0
Kpct_1,uniform,0.001,10,800,0.6575555555555556,0.0
Kpct_1,random,0.0001,0,200,0.7372444444444445,0.006835058499483225
Kpct_1,uncertain,0.0001,0,200,0.6148888888888889,0.0
Kpct_1,uniform,0.0001,0,200,0.7286666666666667,0.0
Kpct_1,random,0.0001,0,400,0.7379888888888889,0.0062294501669662656
Kpct_1,uncertain,0.0001,0,400,0.6248888888888889,0.0
Kpct_1,uniform,0.0001,0,400,0.7316666666666667,0.0
Kpct_1,random,0.0001,0,800,0.7354777777777779,0.006323003271418598
Kpct_1,uncertain,0.0001,0,800,0.6258888888888889,0.0
Kpct_1,uniform,0.0001,0,800,0.7305555555555555,0.0
Kpct_1,random,0.0001,5,200,0.7377111111111111,0.007078083021500895
Kpct_1,uncertain,0.0001,5,200,0.6105555555555555,0.0
Kpct_1,uniform,0.0001,5,200,0.7241111111111111,0.0
Kpct_1,random,0.0001,5,400,0.7402555555555556,0.007928235212217586
Kpct_1,uncertain,0.0001,5,400,0.6221111111111111,0.0
Kpct_1,uniform,0.0001,5,400,0.7256666666666667,0.0
Kpct_1,random,0.0001,5,800,0.7352777777777778,0.008643594645462152
Kpct_1,uncertain,0.0001,5,800,0.6318888888888889,0.0
Kpct_1,uniform,0.0001,5,800,0.7111111111111111,0.0
Kpct_1,random,0.0001,10,200,0.7342444444444445,0.00746626983072438
Kpct_1,uncertain,0.0001,10,200,0.6042222222222222,0.0
Kpct_1,uniform,0.0001,10,200,0.7222222222222222,0.0
Kpct_1,random,0.0001,10,400,0.7381444444444445,0.007783022041518673
Kpct_1,uncertain,0.0001,10,400,0.6183333333333333,0.0
Kpct_1,uniform,0.0001,10,400,0.7231111111111111,0.0
Kpct_1,random,0.0001,10,800,0.7309,0.00951314230647319
Kpct_1,uncertain,0.0001,10,800,0.6255555555555555,0.0
Kpct_1,uniform,0.0001,10,800,0.7063333333333334,0.0
Kpct_1,random,1e-05,0,200,0.5979666666666666,0.012323424447914491
Kpct_1,uncertain,1e-05,0,200,0.4563333333333333,0.0
Kpct_1,uniform,1e-05,0,200,0.5708888888888889,0.0
Kpct_1,random,1e-05,0,400,0.6794222222222224,0.007701018050384368
Kpct_1,uncertain,1e-05,0,400,0.5325555555555556,0.0
Kpct_1,uniform,1e-05,0,400,0.6643333333333333,0.0
Kpct_1,random,1e-05,0,800,0.7177111111111112,0.00686954272742739
Kpct_1,uncertain,1e-05,0,800,0.584,0.0
Kpct_1,uniform,1e-05,0,800,0.7098888888888889,0.0
Kpct_1,random,1e-05,5,200,0.5819444444444445,0.007038737611283285
Kpct_1,uncertain,1e-05,5,200,0.4646666666666667,0.0
Kpct_1,uniform,1e-05,5,200,0.5625555555555556,0.0
Kpct_1,random,1e-05,5,400,0.6752555555555556,0.008034040233228594
Kpct_1,uncertain,1e-05,5,400,0.5398888888888889,0.0
Kpct_1,uniform,1e-05,5,400,0.6667777777777778,0.0
Kpct_1,random,1e-05,5,800,0.7179444444444445,0.007682632329232795
Kpct_1,uncertain,1e-05,5,800,0.5847777777777777,0.0
Kpct_1,uniform,1e-05,5,800,0.711,0.0
Kpct_1,random,1e-05,10,200,0.5461555555555555,0.005188115574066993
Kpct_1,uncertain,1e-05,10,200,0.433,0.0
Kpct_1,uniform,1e-05,10,200,0.5242222222222223,0.0
Kpct_1,random,1e-05,10,400,0.6584,0.007028724134788841
Kpct_1,uncertain,1e-05,10,400,0.522,0.0
Kpct_1,uniform,1e-05,10,400,0.6422222222222222,0.0
Kpct_1,random,1e-05,10,800,0.7115888888888888,0.0072833396898014545
Kpct_1,uncertain,1e-05,10,800,0.5798888888888889,0.0
Kpct_1,uniform,1e-05,10,800,0.7062222222222222,0.0
Kpct_10,random,0.001,0,200,0.8169444444444445,0.002749747463152031
Kpct_10,uncertain,0.001,0,200,0.8055555555555556,0.0
Kpct_10,uniform,0.001,0,200,0.8166666666666667,0.0
Kpct_10,random,0.001,0,400,0.8134333333333335,0.0030540198160845427
Kpct_10,uncertain,0.001,0,400,0.803,0.0
Kpct_10,uniform,0.001,0,400,0.8121111111111111,0.0
Kpct_10,random,0.001,0,800,0.8111555555555554,0.0028532848732471666
Kpct_10,uncertain,0.001,0,800,0.8011111111111111,0.0
Kpct_10,uniform,0.001,0,800,0.8106666666666666,0.0
Kpct_10,random,0.001,5,200,0.8135777777777777,0.0018045210711699494
Kpct_10,uncertain,0.001,5,200,0.8033333333333333,0.0
Kpct_10,uniform,0.001,5,200,0.8118888888888889,0.0
Kpct_10,random,0.001,5,400,0.8172666666666666,0.0029481946767219856
Kpct_10,uncertain,0.001,5,400,0.8018888888888889,0.0
Kpct_10,uniform,0.001,5,400,0.8134444444444444,0.0
Kpct_10,random,0.001,5,800,0.8154555555555556,0.0033264558680336197
Kpct_10,uncertain,0.001,5,800,0.7936666666666666,0.0
Kpct_10,uniform,0.001,5,800,0.8102222222222222,0.0
Kpct_10,random,0.001,10,200,0.8056333333333333,0.0016821869950810308
Kpct_10,uncertain,0.001,10,200,0.7953333333333333,0.0
Kpct_10,uniform,0.001,10,200,0.8031111111111111,0.0
Kpct_10,random,0.001,10,400,0.8161888888888887,0.002356001006099272
Kpct_10,uncertain,0.001,10,400,0.8006666666666666,0.0
Kpct_10,uniform,0.001,10,400,0.8123333333333334,0.0
Kpct_10,random,0.001,10,800,0.8165333333333333,0.003305737623370604
Kpct_10,uncertain,0.001,10,800,0.7955555555555556,0.0
Kpct_10,uniform,0.001,10,800,0.8104444444444444,0.0
Kpct_10,random,0.0001,0,200,0.7897888888888889,0.0012711907511958873
Kpct_10,uncertain,0.0001,0,200,0.778,0.0
Kpct_10,uniform,0.0001,0,200,0.7878888888888889,0.0
Kpct_10,random,0.0001,0,400,0.8077333333333334,0.0020663082126414784
Kpct_10,uncertain,0.0001,0,400,0.8004444444444444,0.0
Kpct_10,uniform,0.0001,0,400,0.8084444444444444,0.0
Kpct_10,random,0.0001,0,800,0.8169111111111113,0.0024923586924541588
Kpct_10,uncertain,0.0001,0,800,0.8086666666666666,0.0
Kpct_10,uniform,0.0001,0,800,0.8157777777777778,0.0
Kpct_10,random,0.0001,5,200,0.7820555555555556,0.0009791026377804454
Kpct_10,uncertain,0.0001,5,200,0.7735555555555556,0.0
Kpct_10,uniform,0.0001,5,200,0.778,0.0
Kpct_10,random,0.0001,5,400,0.8026666666666668,0.0019411082490597689
Kpct_10,uncertain,0.0001,5,400,0.7967777777777778,0.0
Kpct_10,uniform,0.0001,5,400,0.7984444444444444,0.0
Kpct_10,random,0.0001,5,800,0.8150222222222222,0.002116251052809798
Kpct_10,uncertain,0.0001,5,800,0.8041111111111111,0.0
Kpct_10,uniform,0.0001,5,800,0.8134444444444444,0.0
Kpct_10,random,0.0001,10,200,0.7749111111111111,0.0012666666666666666
Kpct_10,uncertain,0.0001,10,200,0.7647777777777778,0.0
Kpct_10,uniform,0.0001,10,200,0.7708888888888888,0.0
Kpct_10,random,0.0001,10,400,0.7978,0.0020207564895660833
Kpct_10,uncertain,0.0001,10,400,0.788,0.0
Kpct_10,uniform,0.0001,10,400,0.7938888888888889,0.0
Kpct_10,random,0.0001,10,800,0.8124666666666667,0.0019781522741571457
Kpct_10,uncertain,0.0001,10,800,0.8015555555555556,0.0
Kpct_10,uniform,0.0001,10,800,0.8097777777777778,0.0
Kpct_10,random,1e-05,0,200,0.6388,0.003023692452843492
Kpct_10,uncertain,1e-05,0,200,0.5847777777777777,0.0
Kpct_10,uniform,1e-05,0,200,0.6104444444444445,0.0
Kpct_10,random,1e-05,0,400,0.7174666666666667,0.0013893776917636167
Kpct_10,uncertain,1e-05,0,400,0.67,0.0
Kpct_10,uniform,1e-05,0,400,0.7007777777777778,0.0
Kpct_10,random,1e-05,0,800,0.7574555555555555,0.002666874991862617
Kpct_10,uncertain,1e-05,0,800,0.7317777777777777,0.0
Kpct_10,uniform,1e-05,0,800,0.7497777777777778,0.0
Kpct_10,random,1e-05,5,200,0.6048666666666667,0.002277533862278921
Kpct_10,uncertain,1e-05,5,200,0.5602222222222222,0.0
Kpct_10,uniform,1e-05,5,200,0.5747777777777778,0.0
Kpct_10,random,1e-05,5,400,0.7013,0.0021396030553744935
Kpct_10,uncertain,1e-05,5,400,0.6701111111111111,0.0
Kpct_10,uniform,1e-05,5,400,0.6845555555555556,0.0
Kpct_10,random,1e-05,5,800,0.7483666666666666,0.0017141747465554342
Kpct_10,uncertain,1e-05,5,800,0.7366666666666667,0.0
Kpct_10,uniform,1e-05,5,800,0.748,0.0
Kpct_10,random,1e-05,10,200,0.5645333333333333,0.0024102661089700035
Kpct_10,uncertain,1e-05,10,200,0.5148888888888888,0.0
Kpct_10,uniform,1e-05,10,200,0.5271111111111111,0.0
Kpct_10,random,1e-05,10,400,0.6814444444444444,0.001599382596928581
Kpct_10,uncertain,1e-05,10,400,0.6333333333333333,0.0
Kpct_10,uniform,1e-05,10,400,0.651,0.0
Kpct_10,random,1e-05,10,800,0.7411000000000001,0.0021019978738638957
Kpct_10,uncertain,1e-05,10,800,0.7196666666666667,0.0
Kpct_10,uniform,1e-05,10,800,0.7318888888888889,0.0
Kpct_20,random,0.001,0,200,0.8320666666666667,0.0015762120556715921
Kpct_20,uncertain,0.001,0,200,0.8313333333333334,0.0
Kpct_20,uniform,0.001,0,200,0.8322222222222222,0.0
Kpct_20,random,0.001,0,400,0.8293333333333333,0.00269246777437528
Kpct_20,uncertain,0.001,0,400,0.8267777777777777,0.0
Kpct_20,uniform,0.001,0,400,0.8294444444444444,0.0
Kpct_20,random,0.001,0,800,0.8250666666666667,0.002780087928265737
Kpct_20,uncertain,0.001,0,800,0.8213333333333334,0.0
Kpct_20,uniform,0.001,0,800,0.826,0.0
Kpct_20,random,0.001,5,200,0.8234333333333334,0.0016446321214225435
Kpct_20,uncertain,0.001,5,200,0.8223333333333334,0.0
Kpct_20,uniform,0.001,5,200,0.8225555555555556,0.0
Kpct_20,random,0.001,5,400,0.8317666666666668,0.0020610736744129383
Kpct_20,uncertain,0.001,5,400,0.8267777777777777,0.0
Kpct_20,uniform,0.001,5,400,0.8307777777777777,0.0
Kpct_20,random,0.001,5,800,0.8303333333333333,0.001788164104381233
Kpct_20,uncertain,0.001,5,800,0.8228888888888889,0.0
Kpct_20,uniform,0.001,5,800,0.829,0.0
Kpct_20,random,0.001,10,200,0.8123999999999999,0.0011091093078637935
Kpct_20,uncertain,0.001,10,200,0.8102222222222222,0.0
Kpct_20,uniform,0.001,10,200,0.813,0.0
Kpct_20,random,0.001,10,400,0.8271555555555556,0.0017695643601438838
Kpct_20,uncertain,0.001,10,400,0.8217777777777778,0.0
Kpct_20,uniform,0.001,10,400,0.8248888888888889,0.0
Kpct_20,random,0.001,10,800,0.8321333333333334,0.0012128936932440124
Kpct_20,uncertain,0.001,10,800,0.824,0.0
Kpct_20,uniform,0.001,10,800,0.8301111111111111,0.0
Kpct_20,random,0.0001,0,200,0.7957666666666667,0.0012923803285334666
Kpct_20,uncertain,0.0001,0,200,0.7958888888888889,0.0
Kpct_20,uniform,0.0001,0,200,0.7942222222222223,0.0
Kpct_20,random,0.0001,0,400,0.8154777777777777,0.0011000000000000083
Kpct_20,uncertain,0.0001,0,400,0.816,0.0
Kpct_20,uniform,0.0001,0,400,0.8164444444444444,0.0
Kpct_20,random,0.0001,0,800,0.8289333333333333,0.0015525367533074242
Kpct_20,uncertain,0.0001,0,800,0.8273333333333334,0.0
Kpct_20,uniform,0.0001,0,800,0.8308888888888889,0.0
Kpct_20,random,0.0001,5,200,0.7864888888888889,0.0006089862047130995
Kpct_20,uncertain,0.0001,5,200,0.7862222222222223,0.0
Kpct_20,uniform,0.0001,5,200,0.7841111111111111,0.0
Kpct_20,random,0.0001,5,400,0.8091222222222223,0.0006857455166315251
Kpct_20,uncertain,0.0001,5,400,0.81,0.0
Kpct_20,uniform,0.0001,5,400,0.8081111111111111,0.0
Kpct_20,random,0.0001,5,800,0.8248888888888889,0.0012881223774390699
Kpct_20,uncertain,0.0001,5,800,0.8204444444444444,0.0
Kpct_20,uniform,0.0001,5,800,0.8245555555555556,0.0
Kpct_20,random,0.0001,10,200,0.7786444444444445,0.0012159434684715135
Kpct_20,uncertain,0.0001,10,200,0.7763333333333333,0.0
Kpct_20,uniform,0.0001,10,200,0.7768888888888889,0.0
Kpct_20,random,0.0001,10,400,0.8037555555555557,0.0012965290796280032
Kpct_20,uncertain,0.0001,10,400,0.8015555555555556,0.0
Kpct_20,uniform,0.0001,10,400,0.8023333333333333,0.0
Kpct_20,random,0.0001,10,800,0.8214555555555554,0.001908040168327344
Kpct_20,uncertain,0.0001,10,800,0.8178888888888889,0.0
Kpct_20,uniform,0.0001,10,800,0.821,0.0
Kpct_20,random,1e-05,0,200,0.6408111111111111,0.0015682419188535247
Kpct_20,uncertain,1e-05,0,200,0.6031111111111112,0.0
Kpct_20,uniform,1e-05,0,200,0.6215555555555555,0.0
Kpct_20,random,1e-05,0,400,0.7189888888888889,0.001976685091413741
Kpct_20,uncertain,1e-05,0,400,0.6923333333333334,0.0
Kpct_20,uniform,1e-05,0,400,0.7043333333333334,0.0
Kpct_20,random,1e-05,0,800,0.7593555555555556,0.0017538669797667373
Kpct_20,uncertain,1e-05,0,800,0.7522222222222222,0.0
Kpct_20,uniform,1e-05,0,800,0.7582222222222222,0.0
Kpct_20,random,1e-05,5,200,0.6075222222222222,0.0018318512527892878
Kpct_20,uncertain,1e-05,5,200,0.5734444444444444,0.0
Kpct_20,uniform,1e-05,5,200,0.5771111111111111,0.0
Kpct_20,random,1e-05,5,400,0.7024,0.0018006857404340337
Kpct_20,uncertain,1e-05,5,400,0.682,0.0
Kpct_20,uniform,1e-05,5,400,0.6897777777777778,0.0
Kpct_20,random,1e-05,5,800,0.7497,0.002175650888843045
Kpct_20,uncertain,1e-05,5,800,0.7518888888888889,0.0
Kpct_20,uniform,1e-05,5,800,0.7536666666666667,0.0
Kpct_20,random,1e-05,10,200,0.5663777777777776,0.001456530631837696
Kpct_20,uncertain,1e-05,10,200,0.5244444444444445,0.0
Kpct_20,uniform,1e-05,10,200,0.528,0.0
Kpct_20,random,1e-05,10,400,0.6827666666666666,0.0020931693731495683
Kpct_20,uncertain,1e-05,10,400,0.6485555555555556,0.0
Kpct_20,uniform,1e-05,10,400,0.6541111111111111,0.0
Kpct_20,random,1e-05,10,800,0.7425111111111111,0.0016593915291195213
Kpct_20,uncertain,1e-05,10,800,0.7361111111111112,0.0
Kpct_20,uniform,1e-05,10,800,0.7388888888888889,0.0
Kabs_1,random,0.001,0,200,0.11111111111111112,1.3877787807814457e-17
Kabs_1,uncertain,0.001,0,200,0.1111111111111111,0.0
Kabs_1,uniform,0.001,0,200,0.1111111111111111,0.0
Kabs_1,random,0.001,0,400,0.11111111111111112,1.3877787807814457e-17
Kabs_1,uncertain,0.001,0,400,0.1111111111111111,0.0
Kabs_1,uniform,0.001,0,400,0.1111111111111111,0.0
Kabs_1,random,0.001,0,800,0.11111111111111112,1.3877787807814457e-17
Kabs_1,uncertain,0.001,0,800,0.1111111111111111,0.0
Kabs_1,uniform,0.001,0,800,0.1111111111111111,0.0
Kabs_1,random,0.001,5,200,0.18526666666666666,0.03403651633825713
Kabs_1,uncertain,0.001,5,200,0.15988888888888889,0.0
Kabs_1,uniform,0.001,5,200,0.23922222222222222,0.0
Kabs_1,random,0.001,5,400,0.18525555555555556,0.03402192648104281
Kabs_1,uncertain,0.001,5,400,0.15988888888888889,0.0
Kabs_1,uniform,0.001,5,400,0.23922222222222222,0.0
Kabs_1,random,0.001,5,800,0.1853,0.03401953142708639
Kabs_1,uncertain,0.001,5,800,0.15988888888888889,0.0
Kabs_1,uniform,0.001,5,800,0.2391111111111111,0.0
Kabs_1,random,0.001,10,200,0.20415555555555556,0.018504600695869674
Kabs_1,uncertain,0.001,10,200,0.1922222222222222,0.0
Kabs_1,uniform,0.001,10,200,0.22255555555555556,0.0
Kabs_1,random,0.001,10,400,0.20414444444444446,0.018497050148538037
Kabs_1,uncertain,0.001,10,400,0.1922222222222222,0.0
Kabs_1,uniform,0.001,10,400,0.22255555555555556,0.0
Kabs_1,random,0.001,10,800,0.20435555555555557,0.018440079804867344
Kabs_1,uncertain,0.001,10,800,0.1922222222222222,0.0
Kabs_1,uniform,0.001,10,800,0.22255555555555556,0.0
Kabs_1,random,0.0001,0,200,0.11111111111111112,1.3877787807814457e-17
Kabs_1,uncertain,0.0001,0,200,0.1111111111111111,0.0
Kabs_1,uniform,0.0001,0,200,0.1111111111111111,0.0
Kabs_1,random,0.0001,0,400,0.11111111111111112,1.3877787807814457e-17
Kabs_1,uncertain,0.0001,0,400,0.1111111111111111,0.0
Kabs_1,uniform,0.0001,0,400,0.1111111111111111,0.0
Kabs_1,random,0.0001,0,800,0.11111111111111112,1.3877787807814457e-17
Kabs_1,uncertain,0.0001,0,800,0.1111111111111111,0.0
Kabs_1,uniform,0.0001,0,800,0.1111111111111111,0.0
Kabs_1,random,0.0001,5,200,0.18526666666666666,0.03403651633825713
Kabs_1,uncertain,0.0001,5,200,0.15988888888888889,0.0
Kabs_1,uniform,0.0001,5,200,0.23922222222222222,0.0
Kabs_1,random,0.0001,5,400,0.18525555555555556,0.03402192648104281
Kabs_1,uncertain,0.0001,5,400,0.15988888888888889,0.0
Kabs_1,uniform,0.0001,5,400,0.23922222222222222,0.0
Kabs_1,random,0.0001,5,800,0.18525555555555556,0.03402192648104281
Kabs_1,uncertain,0.0001,5,800,0.15988888888888889,0.0
Kabs_1,uniform,0.0001,5,800,0.23922222222222222,0.0
Kabs_1,random,0.0001,10,200,0.20414444444444446,0.018497050148538037
Kabs_1,uncertain,0.0001,10,200,0.1922222222222222,0.0
Kabs_1,uniform,0.0001,10,200,0.22255555555555556,0.0
Kabs_1,random,0.0001,10,400,0.20415555555555556,0.018505134422640658
Kabs_1,uncertain,0.0001,10,400,0.1922222222222222,0.0
Kabs_1,uniform,0.0001,10,400,0.22255555555555556,0.0
Kabs_1,random,0.0001,10,800,0.20414444444444446,0.018497050148538037
Kabs_1,uncertain,0.0001,10,800,0.1922222222222222,0.0
Kabs_1,uniform,0.0001,10,800,0.22255555555555556,0.0
Kabs_1,random,1e-05,0,200,0.11654444444444442,0.007337616594232122
Kabs_1,uncertain,1e-05,0,200,0.11177777777777778,0.0
Kabs_1,uniform,1e-05,0,200,0.13644444444444445,0.0
Kabs_1,random,1e-05,0,400,0.11131111111111111,0.0004121608220220315
Kabs_1,uncertain,1e-05,0,400,0.1111111111111111,0.0
Kabs_1,uniform,1e-05,0,400,0.11366666666666667,0.0
Kabs_1,random,1e-05,0,800,0.11111111111111112,1.3877787807814457e-17
Kabs_1,uncertain,1e-05,0,800,0.1111111111111111,0.0
Kabs_1,uniform,1e-05,0,800,0.11144444444444444,0.0
Kabs_1,random,1e-05,5,200,0.18546666666666667,0.033767571557470476
Kabs_1,uncertain,1e-05,5,200,0.15988888888888889,0.0
Kabs_1,uniform,1e-05,5,200,0.2391111111111111,0.0
Kabs_1,random,1e-05,5,400,0.18525555555555556,0.03402192648104281
Kabs_1,uncertain,1e-05,5,400,0.15988888888888889,0.0
Kabs_1,uniform,1e-05,5,400,0.23922222222222222,0.0
Kabs_1,random,1e-05,5,800,0.18525555555555556,0.03402192648104281
Kabs_1,uncertain,1e-05,5,800,0.15988888888888889,0.0
Kabs_1,uniform,1e-05,5,800,0.23922222222222222,0.0
Kabs_1,random,1e-05,10,200,0.20420000000000002,0.018421391215676076
Kabs_1,uncertain,1e-05,10,200,0.1922222222222222,0.0
Kabs_1,uniform,1e-05,10,200,0.22255555555555556,0.0
Kabs_1,random,1e-05,10,400,0.20415555555555556,0.018505134422640658
Kabs_1,uncertain,1e-05,10,400,0.1922222222222222,0.0
Kabs_1,uniform,1e-05,10,400,0.22255555555555556,0.0
Kabs_1,random,1e-05,10,800,0.20415555555555556,0.018505134422640658
Kabs_1,uncertain,1e-05,10,800,0.1922222222222222,0.0
Kabs_1,uniform,1e-05,10,800,0.22255555555555556,0.0
Kabs_10,random,0.001,0,200,0.30842222222222226,0.06129988621019386
Kabs_10,uncertain,0.001,0,200,0.2018888888888889,0.0
Kabs_10,uniform,0.001,0,200,0.2846666666666667,0.0
Kabs_10,random,0.001,0,400,0.30905555555555553,0.06033106707427764
Kabs_10,uncertain,0.001,0,400,0.20066666666666666,0.0
Kabs_10,uniform,0.001,0,400,0.2823333333333333,0.0
Kabs_10,random,0.001,0,800,0.31046666666666667,0.05919154510861901
Kabs_10,uncertain,0.001,0,800,0.19922222222222222,0.0
Kabs_10,uniform,0.001,0,800,0.28355555555555556,0.0
Kabs_10,random,0.001,5,200,0.2542,0.04696115547403822
Kabs_10,uncertain,0.001,5,200,0.16644444444444445,0.0
Kabs_10,uniform,0.001,5,200,0.1942222222222222,0.0
Kabs_10,random,0.001,5,400,0.2620888888888889,0.04802596519939326
Kabs_10,uncertain,0.001,5,400,0.171,0.0
Kabs_10,uniform,0.001,5,400,0.19777777777777777,0.0
Kabs_10,random,0.001,5,800,0.26337777777777777,0.049761262141112775
Kabs_10,uncertain,0.001,5,800,0.17533333333333334,0.0
Kabs_10,uniform,0.001,5,800,0.2001111111111111,0.0
Kabs_10,random,0.001,10,200,0.28355555555555556,0.05534252489477143
Kabs_10,uncertain,0.001,10,200,0.20877777777777778,0.0
Kabs_10,uniform,0.001,10,200,0.22577777777777777,0.0
Kabs_10,random,0.001,10,400,0.29227777777777775,0.05786137648629601
Kabs_10,uncertain,0.001,10,400,0.20933333333333334,0.0
Kabs_10,uniform,0.001,10,400,0.24022222222222223,0.0
Kabs_10,random,0.001,10,800,0.29511111111111105,0.05762869655533315
Kabs_10,uncertain,0.001,10,800,0.20844444444444443,0.0
Kabs_10,uniform,0.001,10,800,0.24877777777777776,0.0
Kabs_10,random,0.0001,0,200,0.30256666666666665,0.06035977423482475
Kabs_10,uncertain,0.0001,0,200,0.1958888888888889,0.0
Kabs_10,uniform,0.0001,0,200,0.2838888888888889,0.0
Kabs_10,random,0.0001,0,400,0.3066777777777777,0.059778406646836695
Kabs_10,uncertain,0.0001,0,400,0.19566666666666666,0.0
Kabs_10,uniform,0.0001,0,400,0.2853333333333333,0.0
Kabs_10,random,0.0001,0,800,0.3093777777777778,0.05863118034494935
Kabs_10,uncertain,0.0001,0,800,0.19477777777777777,0.0
Kabs_10,uniform,0.0001,0,800,0.2861111111111111,0.0
Kabs_10,random,0.0001,5,200,0.28894444444444445,0.05315212851271432
Kabs_10,uncertain,0.0001,5,200,0.19455555555555556,0.0
Kabs_10,uniform,0.0001,5,200,0.21566666666666667,0.0
Kabs_10,random,0.0001,5,400,0.28467777777777775,0.056655629644108356
Kabs_10,uncertain,0.0001,5,400,0.188,0.0
Kabs_10,uniform,0.0001,5,400,0.19511111111111112,0.0
Kabs_10,random,0.0001,5,800,0.2851666666666667,0.059244174584698384
Kabs_10,uncertain,0.0001,5,800,0.1932222222222222,0.0
Kabs_10,uniform,0.0001,5,800,0.2001111111111111,0.0
Kabs_10,random,0.0001,10,200,0.2851666666666667,0.05200166782700458
Kabs_10,uncertain,0.0001,10,200,0.17655555555555555,0.0
Kabs_10,uniform,0.0001,10,200,0.22566666666666665,0.0
Kabs_10,random,0.0001,10,400,0.28794444444444445,0.057057243294306455
Kabs_10,uncertain,0.0001,10,400,0.17866666666666667,0.0
Kabs_10,uniform,0.0001,10,400,0.21488888888888888,0.0
Kabs_10,random,0.0001,10,800,0.2939111111111111,0.055733842811777304
Kabs_10,uncertain,0.0001,10,800,0.18388888888888888,0.0
Kabs_10,uniform,0.0001,10,800,0.22711111111111112,0.0
Kabs_10,random,1e-05,0,200,0.2661666666666667,0.05693963123289674
Kabs_10,uncertain,1e-05,0,200,0.18255555555555555,0.0
Kabs_10,uniform,1e-05,0,200,0.2813333333333333,0.0
Kabs_10,random,1e-05,0,400,0.2876888888888888,0.06179755478801551
Kabs_10,uncertain,1e-05,0,400,0.19111111111111112,0.0
Kabs_10,uniform,1e-05,0,400,0.2818888888888889,0.0
Kabs_10,random,1e-05,0,800,0.2973888888888888,0.061626017633648174
Kabs_10,uncertain,1e-05,0,800,0.19466666666666665,0.0
Kabs_10,uniform,1e-05,0,800,0.2841111111111111,0.0
Kabs_10,random,1e-05,5,200,0.3375444444444444,0.043781456416226334
Kabs_10,uncertain,1e-05,5,200,0.21077777777777779,0.0
Kabs_10,uniform,1e-05,5,200,0.32855555555555555,0.0
Kabs_10,random,1e-05,5,400,0.34844444444444445,0.039490301981844646
Kabs_10,uncertain,1e-05,5,400,0.236,0.0
Kabs_10,uniform,1e-05,5,400,0.32066666666666666,0.0
Kabs_10,random,1e-05,5,800,0.3166111111111111,0.040706909353766994
Kabs_10,uncertain,1e-05,5,800,0.21666666666666667,0.0
Kabs_10,uniform,1e-05,5,800,0.25577777777777777,0.0
Kabs_10,random,1e-05,10,200,0.3390111111111111,0.033367517656665756
Kabs_10,uncertain,1e-05,10,200,0.22444444444444445,0.0
Kabs_10,uniform,1e-05,10,200,0.3228888888888889,0.0
Kabs_10,random,1e-05,10,400,0.3441666666666666,0.03254392093960801
Kabs_10,uncertain,1e-05,10,400,0.23666666666666666,0.0
Kabs_10,uniform,1e-05,10,400,0.31177777777777776,0.0
Kabs_10,random,1e-05,10,800,0.31175555555555556,0.04088915458850871
Kabs_10,uncertain,1e-05,10,800,0.1912222222222222,0.0
Kabs_10,uniform,1e-05,10,800,0.2697777777777778,0.0
Kabs_100,random,0.001,0,200,0.6266111111111112,0.01509895344259757
Kabs_100,uncertain,0.001,0,200,0.4361111111111111,0.0
Kabs_100,uniform,0.001,0,200,0.5703333333333334,0.0
Kabs_100,random,0.001,0,400,0.6263,0.015276872700463684
Kabs_100,uncertain,0.001,0,400,0.4358888888888889,0.0
Kabs_100,uniform,0.001,0,400,0.5707777777777778,0.0
Kabs_100,random,0.001,0,800,0.6253555555555556,0.014990680232303022
Kabs_100,uncertain,0.001,0,800,0.4371111111111111,0.0
Kabs_100,uniform,0.001,0,800,0.57,0.0
Kabs_100,random,0.001,5,200,0.5859444444444445,0.021118025183580053
Kabs_100,uncertain,0.001,5,200,0.4066666666666667,0.0
Kabs_100,uniform,0.001,5,200,0.4955555555555556,0.0
Kabs_100,random,0.001,5,400,0.5684,0.024805823688982563
Kabs_100,uncertain,0.001,5,400,0.39811111111111114,0.0
Kabs_100,uniform,0.001,5,400,0.47755555555555557,0.0
Kabs_100,random,0.001,5,800,0.5522444444444444,0.02865412300930005
Kabs_100,uncertain,0.001,5,800,0.3864444444444444,0.0
Kabs_100,uniform,0.001,5,800,0.4587777777777778,0.0
Kabs_100,random,0.001,10,200,0.5821333333333334,0.021229073937572337
Kabs_100,uncertain,0.001,10,200,0.41755555555555557,0.0
Kabs_100,uniform,0.001,10,200,0.49966666666666665,0.0
Kabs_100,random,0.001,10,400,0.5586444444444444,0.02565005715585767
Kabs_100,uncertain,0.001,10,400,0.4063333333333333,0.0
Kabs_100,uniform,0.001,10,400,0.47633333333333333,0.0
Kabs_100,random,0.001,10,800,0.5379333333333334,0.031336493142487
Kabs_100,uncertain,0.001,10,800,0.3962222222222222,0.0
Kabs_100,uniform,0.001,10,800,0.45866666666666667,0.0
Kabs_100,random,0.0001,0,200,0.6238666666666667,0.015671378330109707
Kabs_100,uncertain,0.0001,0,200,0.43755555555555553,0.0
Kabs_100,uniform,0.0001,0,200,0.5641111111111111,0.0
Kabs_100,random,0.0001,0,400,0.6250444444444444,0.015054075367992054
Kabs_100,uncertain,0.0001,0,400,0.436,0.0
Kabs_100,uniform,0.0001,0,400,0.5642222222222222,0.0
Kabs_100,random,0.0001,0,800,0.6249666666666667,0.01474198254586931
Kabs_100,uncertain,0.0001,0,800,0.4391111111111111,0.0
Kabs_100,uniform,0.0001,0,800,0.5657777777777778,0.0
Kabs_100,random,0.0001,5,200,0.6358555555555555,0.017819537758480893
Kabs_100,uncertain,0.0001,5,200,0.45366666666666666,0.0
Kabs_100,uniform,0.0001,5,200,0.595,0.0
Kabs_100,random,0.0001,5,400,0.6189666666666667,0.02040733649244922
Kabs_100,uncertain,0.0001,5,400,0.447,0.0
Kabs_100,uniform,0.0001,5,400,0.5634444444444444,0.0
Kabs_100,random,0.0001,5,800,0.5953444444444445,0.02168673998917367
Kabs_100,uncertain,0.0001,5,800,0.43833333333333335,0.0
Kabs_100,uniform,0.0001,5,800,0.532,0.0
Kabs_100,random,0.0001,10,200,0.6331111111111111,0.018587663504806135
Kabs_100,uncertain,0.0001,10,200,0.45311111111111113,0.0
Kabs_100,uniform,0.0001,10,200,0.5962222222222222,0.0
Kabs_100,random,0.0001,10,400,0.6102888888888889,0.02029517974760644
Kabs_100,uncertain,0.0001,10,400,0.442,0.0
Kabs_100,uniform,0.0001,10,400,0.5533333333333333,0.0
Kabs_100,random,0.0001,10,800,0.5809333333333333,0.02295874991219827
Kabs_100,uncertain,0.0001,10,800,0.43244444444444446,0.0
Kabs_100,uniform,0.0001,10,800,0.519,0.0
Kabs_100,random,1e-05,0,200,0.5137555555555555,0.024569618898947255
Kabs_100,uncertain,1e-05,0,200,0.32666666666666666,0.0
Kabs_100,uniform,1e-05,0,200,0.46166666666666667,0.0
Kabs_100,random,1e-05,0,400,0.578611111111111,0.02003880494699481
Kabs_100,uncertain,1e-05,0,400,0.39155555555555555,0.0
Kabs_100,uniform,1e-05,0,400,0.5178888888888888,0.0
Kabs_100,random,1e-05,0,800,0.6127333333333332,0.016374566246257834
Kabs_100,uncertain,1e-05,0,800,0.42844444444444446,0.0
Kabs_100,uniform,1e-05,0,800,0.5517777777777778,0.0
Kabs_100,random,1e-05,5,200,0.5405666666666666,0.015480728760719332
Kabs_100,uncertain,1e-05,5,200,0.37866666666666665,0.0
Kabs_100,uniform,1e-05,5,200,0.5184444444444445,0.0
Kabs_100,random,1e-05,5,400,0.6087555555555555,0.014451263347738105
Kabs_100,uncertain,1e-05,5,400,0.42744444444444446,0.0
Kabs_100,uniform,1e-05,5,400,0.588,0.0
Kabs_100,random,1e-05,5,800,0.6360444444444445,0.015621621610076073
Kabs_100,uncertain,1e-05,5,800,0.45011111111111113,0.0
Kabs_100,uniform,1e-05,5,800,0.6045555555555555,0.0
Kabs_100,random,1e-05,10,200,0.5199555555555555,0.015887194936896935
Kabs_100,uncertain,1e-05,10,200,0.356,0.0
Kabs_100,uniform,1e-05,10,200,0.4895555555555556,0.0
Kabs_100,random,1e-05,10,400,0.6004333333333334,0.013902522197672997
Kabs_100,uncertain,1e-05,10,400,0.4136666666666667,0.0
Kabs_100,uniform,1e-05,10,400,0.5805555555555556,0.0
Kabs_100,random,1e-05,10,800,0.6340777777777779,0.015108827441819135
Kabs_100,uncertain,1e-05,10,800,0.447,0.0
Kabs_100,uniform,1e-05,10,800,0.6085555555555555,0.0
Kabs_1000,random,0.001,0,200,0.7702111111111112,0.0039951977345647855
Kabs_1000,uncertain,0.001,0,200,0.718,0.0
Kabs_1000,uniform,0.001,0,200,0.77,0.0
Kabs_1000,random,0.001,0,400,0.7692333333333334,0.0033831280725913323
Kabs_1000,uncertain,0.001,0,400,0.7144444444444444,0.0
Kabs_1000,uniform,0.001,0,400,0.7716666666666666,0.0
Kabs_1000,random,0.001,0,800,0.7683444444444445,0.003381668081338815
Kabs_1000,uncertain,0.001,0,800,0.7125555555555556,0.0
Kabs_1000,uniform,0.001,0,800,0.7712222222222223,0.0
Kabs_1000,random,0.001,5,200,0.7720555555555555,0.0039038600713640166
Kabs_1000,uncertain,0.001,5,200,0.723,0.0
Kabs_1000,uniform,0.001,5,200,0.7674444444444445,0.0
Kabs_1000,random,0.001,5,400,0.7700666666666667,0.004285548497675171
Kabs_1000,uncertain,0.001,5,400,0.7152222222222222,0.0
Kabs_1000,uniform,0.001,5,400,0.7586666666666667,0.0
Kabs_1000,random,0.001,5,800,0.7684111111111112,0.004398105652816147
Kabs_1000,uncertain,0.001,5,800,0.6965555555555556,0.0
Kabs_1000,uniform,0.001,5,800,0.7471111111111111,0.0
Kabs_1000,random,0.001,10,200,0.7717666666666666,0.004197721310131359
Kabs_1000,uncertain,0.001,10,200,0.7197777777777777,0.0
Kabs_1000,uniform,0.001,10,200,0.7661111111111111,0.0
Kabs_1000,random,0.001,10,400,0.7685666666666666,0.0041750138611435506
Kabs_1000,uncertain,0.001,10,400,0.7172222222222222,0.0
Kabs_1000,uniform,0.001,10,400,0.7585555555555555,0.0
Kabs_1000,random,0.001,10,800,0.7627444444444446,0.004446679993316689
Kabs_1000,uncertain,0.001,10,800,0.6971111111111111,0.0
Kabs_1000,uniform,0.001,10,800,0.7437777777777778,0.0
Kabs_1000,random,0.0001,0,200,0.7646666666666666,0.004239729784075326
Kabs_1000,uncertain,0.0001,0,200,0.693,0.0
Kabs_1000,uniform,0.0001,0,200,0.7588888888888888,0.0
Kabs_1000,random,0.0001,0,400,0.7718444444444443,0.004432539611487698
Kabs_1000,uncertain,0.0001,0,400,0.7121111111111111,0.0
Kabs_1000,uniform,0.0001,0,400,0.7701111111111111,0.0
Kabs_1000,random,0.0001,0,800,0.7715777777777777,0.0041382885470645225
Kabs_1000,uncertain,0.0001,0,800,0.7155555555555555,0.0
Kabs_1000,uniform,0.0001,0,800,0.7704444444444445,0.0
Kabs_1000,random,0.0001,5,200,0.7615888888888889,0.0050559950968877745
Kabs_1000,uncertain,0.0001,5,200,0.6994444444444444,0.0
Kabs_1000,uniform,0.0001,5,200,0.7586666666666667,0.0
Kabs_1000,random,0.0001,5,400,0.771911111111111,0.003449387134686149
Kabs_1000,uncertain,0.0001,5,400,0.7167777777777777,0.0
Kabs_1000,uniform,0.0001,5,400,0.767,0.0
Kabs_1000,random,0.0001,5,800,0.7721444444444444,0.004073112681178859
Kabs_1000,uncertain,0.0001,5,800,0.718,0.0
Kabs_1000,uniform,0.0001,5,800,0.7673333333333333,0.0
Kabs_1000,random,0.0001,10,200,0.7573222222222221,0.0053438438100927585
Kabs_1000,uncertain,0.0001,10,200,0.6876666666666666,0.0
Kabs_1000,uniform,0.0001,10,200,0.751,0.0
Kabs_1000,random,0.0001,10,400,0.7697,0.0042026006057977764
Kabs_1000,uncertain,0.0001,10,400,0.7148888888888889,0.0
Kabs_1000,uniform,0.0001,10,400,0.7653333333333333,0.0
Kabs_1000,random,0.0001,10,800,0.7713444444444444,0.0038094910712878805
Kabs_1000,uncertain,0.0001,10,800,0.7195555555555555,0.0
Kabs_1000,uniform,0.0001,10,800,0.7646666666666667,0.0
Kabs_1000,random,1e-05,0,200,0.6235444444444445,0.005462882610834042
Kabs_1000,uncertain,1e-05,0,200,0.5165555555555555,0.0
Kabs_1000,uniform,1e-05,0,200,0.5821111111111111,0.0
Kabs_1000,random,1e-05,0,400,0.7027777777777777,0.002426194500258876
Kabs_1000,uncertain,1e-05,0,400,0.584,0.0
Kabs_1000,uniform,1e-05,0,400,0.6698888888888889,0.0
Kabs_1000,random,1e-05,0,800,0.7403,0.0029689961723796433
Kabs_1000,uncertain,1e-05,0,800,0.6447777777777778,0.0
Kabs_1000,uniform,1e-05,0,800,0.7231111111111111,0.0
Kabs_1000,random,1e-05,5,200,0.5976666666666668,0.004865093606753022
Kabs_1000,uncertain,1e-05,5,200,0.5137777777777778,0.0
Kabs_1000,uniform,1e-05,5,200,0.5741111111111111,0.0
Kabs_1000,random,1e-05,5,400,0.6923666666666668,0.003919892288769619
Kabs_1000,uncertain,1e-05,5,400,0.6088888888888889,0.0
Kabs_1000,uniform,1e-05,5,400,0.6812222222222222,0.0
Kabs_1000,random,1e-05,5,800,0.7356666666666667,0.003962478336584471
Kabs_1000,uncertain,1e-05,5,800,0.6654444444444444,0.0
Kabs_1000,uniform,1e-05,5,800,0.7283333333333334,0.0
Kabs_1000,random,1e-05,10,200,0.5606888888888889,0.004581713518481053
Kabs_1000,uncertain,1e-05,10,200,0.476,0.0
Kabs_1000,uniform,1e-05,10,200,0.528,0.0
Kabs_1000,random,1e-05,10,400,0.6746555555555556,0.004928238109527351
Kabs_1000,uncertain,1e-05,10,400,0.5794444444444444,0.0
Kabs_1000,uniform,1e-05,10,400,0.6477777777777778,0.0
Kabs_1000,random,1e-05,10,800,0.7292888888888889,0.00394442879496114
Kabs_1000,uncertain,1e-05,10,800,0.6515555555555556,0.0
Kabs_1000,uniform,1e-05,10,800,0.7184444444444444,0.0
